<?xml version="1.0" encoding="UTF-8" ?>
<!DOCTYPE mapper
        PUBLIC "-//mybatis.org//DTD Mapper 3.0//EN"
        "http://mybatis.org/dtd/mybatis-3-mapper.dtd">
<mapper namespace="com.survey.dao.StudentMapper">
<select id="selectStuByNamePwd" resultType="com.survey.entity.Student">
    select * from student where student_id=#{studentId} AND password=#{password}
</select>
    <select id="selectAllStudent" resultType="com.survey.entity.Student">
        select * from student
<where>
    <if test="studentClass!=null">
     student_class=#{studentClass}
    </if>
    <if test="studentId!=null">
        and student_id=#{studentId}
    </if>
</where>
    </select>

    <select id="selectAllClass" resultType="java.lang.String"  >
        SELECT student_class from student GROUP BY student_class
    </select>
</mapper>